                  epoch,         train/box_loss,         train/cls_loss,         train/dfl_loss,   metrics/precision(B),      metrics/recall(B),       metrics/mAP50(B),    metrics/mAP50-95(B),           val/box_loss,           val/cls_loss,           val/dfl_loss,                 lr/pg0,                 lr/pg1,                 lr/pg2
                      1,                 1.3585,                 3.2159,                 1.1411,                0.00296,                0.83938,                0.01233,                0.00868,                 1.0931,                 4.1242,                 1.0767,             0.00054574,             0.00054574,             0.00054574
                      2,                 1.2393,                 2.1193,                 1.0831,                0.50113,                0.43027,                 0.3869,                 0.2552,                 1.1798,                 3.3558,                 1.0421,             0.00088333,             0.00088333,             0.00088333
                      3,                 1.1922,                 1.8872,                 1.0768,                0.44206,                0.66002,                0.40512,                0.25418,                 1.2815,                 2.4134,                 1.1302,              0.0010009,              0.0010009,              0.0010009
                      4,                 1.1598,                 1.7627,                 1.0469,                0.44512,                0.78743,                0.45426,                0.30889,                 1.1044,                 1.9585,                  1.042,              0.0006768,              0.0006768,              0.0006768
                      5,                 1.0974,                 1.6364,                 1.0239,                0.46728,                0.85002,                0.49232,                0.34503,                 1.0088,                 1.7231,                0.99733,             0.00034674,             0.00034674,             0.00034674
