                  epoch,         train/box_loss,         train/cls_loss,         train/dfl_loss,   metrics/precision(B),      metrics/recall(B),       metrics/mAP50(B),    metrics/mAP50-95(B),           val/box_loss,           val/cls_loss,           val/dfl_loss,                 lr/pg0,                 lr/pg1,                 lr/pg2
                      1,                 1.3631,                  3.495,                 1.1915,                0.00304,                0.84662,                0.08345,                0.04858,                 1.1494,                  4.387,                 1.1448,             0.00054574,             0.00054574,             0.00054574
                      2,                 1.2769,                 2.4503,                 1.1453,                0.50868,                0.05221,                0.17506,                0.11819,                 1.2069,                 3.6936,                 1.1299,             0.00096511,             0.00096511,             0.00096511
